,movie,runtime_minutes,genres,averagerating,numvotes,production_budget,domestic_gross,worldwide_gross,net_revenue,ROI%,movie_type
7,Don't Be Afraid of the Dark,99.0,"Fantasy,Horror,Thriller",5.6,44490,25000000,24046682,39126427,14126427,0.56505708,Dark
10,The Adventurer: The Curse of the Midas Box,100.0,"Adventure,Family,Fantasy",5.4,5257,25000000,0,0,-25000000,-1.0,Light
14,Captain Phillips,134.0,"Biography,Drama,Thriller",7.8,387402,55000000,107136417,220648184,165648184,3.0117851636363637,Dark
16,House at the End of the Street,101.0,"Drama,Horror,Thriller",5.6,66303,6900000,31611916,44103982,37203982,5.391881449275362,Dark
27,Machete,105.0,"Action,Crime,Thriller",6.6,182320,12500000,26593646,46370970,33870970,2.7096776,Dark
30,Nine Dead,98.0,"Crime,Drama,Horror",5.5,11358,2000000,0,0,-2000000,-1.0,Dark
31,Shanghai,105.0,"Crime,Drama,Mystery",6.4,8662,50000000,46425,15505922,-34494078,-0.68988156,Dark
32,Shanghai,120.0,"Crime,Mystery,Thriller",7.2,9047,50000000,46425,15505922,-34494078,-0.68988156,Dark
37,The Commuter,105.0,"Action,Mystery,Thriller",6.3,83114,40000000,36343858,101985431,61985431,1.549635775,Dark
39,Abraham Lincoln: Vampire Hunter,105.0,"Action,Fantasy,Horror",5.9,142853,67500000,37519139,137489730,69989730,1.0368848888888889,Dark
41,The Last Days on Mars,98.0,"Adventure,Horror,Sci-Fi",5.5,33137,10600000,24084,261364,-10338636,-0.9753430188679245,Dark
42,Anna,99.0,"Drama,Mystery,Sci-Fi",6.5,19733,4357373,0,1200000,-3157373,-0.7246047102233387,Dark
43,The Lords of Salem,101.0,"Horror,Thriller",5.1,25089,1500000,1165881,1541131,41131,0.027420666666666666,Dark
45,Resident Evil: Retribution,95.0,"Action,Horror,Sci-Fi",5.4,125191,65000000,42345531,240647629,175647629,2.7022712153846156,Dark
47,The Croods,98.0,"Action,Adventure,Animation",7.2,176699,135000000,187168425,573068425,438068425,3.2449512962962963,Light
50,The Karate Kid,140.0,"Action,Drama,Family",6.2,146401,40000000,176591618,351774938,311774938,7.79437345,Light
52,Legend of the Guardians: The Owls of Ga'Hoole,97.0,"Action,Adventure,Animation",7.0,73790,100000000,55675313,139716717,39716717,0.39716717,Light
54,Incendies,131.0,"Drama,Mystery,War",8.3,124156,6800000,6857096,16038343,9238343,1.3585798529411766,Dark
55,The Expendables,103.0,"Action,Adventure,Thriller",6.5,307897,82000000,103068524,268268174,186268174,2.2715630975609757,Dark
57,Pride and Prejudice and Zombies,108.0,"Action,Comedy,Horror",5.8,46187,28000000,10907291,16638300,-11361700,-0.405775,Dark
59,You Again,105.0,"Comedy,Family,Romance",5.8,46690,20000000,25702053,32838945,12838945,0.64194725,Light
60,The Raven,110.0,"Crime,Mystery,Thriller",6.4,79578,26000000,16008272,30601801,4601801,0.17699234615384615,Dark
62,The Divide,112.0,"Drama,Horror,Sci-Fi",5.8,33603,3000000,18000,156362,-2843638,-0.9478793333333333,Dark
69,A Nightmare on Elm Street,95.0,"Crime,Drama,Horror",5.2,85497,35000000,63075011,117729621,82729621,2.363703457142857,Dark
71,10 Cloverfield Lane,103.0,"Drama,Horror,Mystery",7.2,260383,5000000,72082999,108286422,103286422,20.6572844,Dark
72,Escape Plan,115.0,"Action,Crime,Mystery",6.7,211587,70000000,25135965,103735965,33735965,0.48194235714285716,Dark
76,Venom,112.0,"Action,Sci-Fi,Thriller",6.7,275406,116000000,213511408,853628605,737628605,6.358867284482758,Dark
78,The Watch,102.0,"Action,Comedy,Horror",5.7,115757,55000000,34353000,67130045,12130045,0.22054627272727273,Dark
80,Despicable Me,95.0,"Animation,Comedy,Family",7.7,464511,69000000,251513985,543464573,474464573,6.87629815942029,Light
88,Norm of the North,90.0,"Adventure,Animation,Comedy",3.6,7951,18000000,17062499,30535660,12535660,0.6964255555555555,Light
89,Rubber,82.0,"Comedy,Fantasy,Horror",5.8,31316,500000,100370,680914,180914,0.361828,Dark
91,Trolls,92.0,"Adventure,Animation,Comedy",6.5,63295,125000000,153707064,344150134,219150134,1.753201072,Light
94,Demonic,83.0,"Horror,Thriller",5.3,12025,3000000,0,4668109,1668109,0.5560363333333334,Dark
96,Furry Vengeance,92.0,"Comedy,Family",3.8,14700,35000000,17630465,39340177,4340177,0.12400505714285714,Light
97,Jack Reacher,130.0,"Action,Crime,Thriller",7.0,284547,60000000,80070736,217370736,157370736,2.6228456,Dark
99,The Hobbit: An Unexpected Journey,169.0,"Adventure,Family,Fantasy",7.9,719629,250000000,303003568,1017003568,767003568,3.068014272,Light
104,Hell Fest,89.0,Horror,5.5,8662,5500000,11107431,18119231,12619231,2.2944056363636363,Dark
106,The Purge,85.0,"Horror,Thriller",5.7,183549,3000000,64473115,91266581,88266581,29.422193666666665,Dark
109,Night at the Museum: Secret of the Tomb,98.0,"Adventure,Comedy,Family",6.2,93103,127000000,113746621,353756621,226756621,1.7854852047244094,Light
113,The Equalizer 2,121.0,"Action,Crime,Thriller",6.7,97963,77000000,102084362,190453132,113453132,1.4734172987012988,Dark
117,Shutter Island,138.0,"Mystery,Thriller",8.1,1005960,80000000,128012934,299461782,219461782,2.743272275,Dark
119,Diary of a Wimpy Kid,94.0,"Comedy,Drama,Family",6.2,38640,15000000,64003625,76954311,61954311,4.1302874,Light
121,Ouija,89.0,"Horror,Mystery,Thriller",4.5,44054,5000000,50856010,103300632,98300632,19.6601264,Dark
122,Out of the Furnace,116.0,"Crime,Drama,Thriller",6.8,99037,22000000,11330849,15434375,-6565625,-0.2984375,Dark
125,The Devil's Double,109.0,"Biography,Drama,Thriller",7.1,58342,19100000,1361512,5965646,-13134354,-0.6876625130890053,Dark
126,The Spy Next Door,94.0,"Action,Comedy,Family",5.5,36767,28000000,24307106,46752858,18752858,0.6697449285714285,Light
127,Oldboy,104.0,"Action,Drama,Mystery",5.8,63231,3000000,707391,6239723,3239723,1.0799076666666667,Dark
131,A Lonely Place to Die,99.0,"Adventure,Crime,Thriller",6.3,25547,4000000,0,442550,-3557450,-0.8893625,Dark
134,Stake Land,98.0,"Drama,Horror,Sci-Fi",6.5,38749,4000000,33245,679482,-3320518,-0.8301295,Dark
135,The Lego Movie,100.0,"Action,Adventure,Animation",7.8,304179,60000000,257784718,457729388,397729388,6.628823133333333,Light
136,Grabbers,94.0,"Comedy,Horror,Sci-Fi",6.3,15727,5300000,0,440821,-4859179,-0.9168262264150944,Dark
140,Truth or Dare,100.0,"Horror,Thriller",5.2,33621,3500000,41411015,95127344,91627344,26.179241142857144,Dark
141,The Kid Who Would Be King,120.0,"Action,Adventure,Family",6.0,8044,59000000,16790790,28348446,-30651554,-0.5195178644067796,Light
146,Rings,102.0,"Drama,Horror,Mystery",4.5,34151,25000000,27793018,82917283,57917283,2.31669132,Dark
152,Mars Needs Moms,88.0,"Adventure,Animation,Family",5.4,19823,150000000,21392758,39549758,-110450242,-0.7363349466666667,Light
153,Devil,80.0,"Horror,Mystery,Thriller",6.2,122080,10000000,33679655,63354114,53354114,5.3354114,Dark
155,Total Recall,118.0,"Action,Adventure,Mystery",6.3,228460,125000000,58877969,211856088,86856088,0.694848704,Dark
157,We Bought a Zoo,124.0,"Comedy,Drama,Family",7.1,126849,50000000,75624550,118729073,68729073,1.37458146,Light
160,Drive Angry,104.0,"Action,Fantasy,Thriller",5.4,90203,50000000,10721033,41042583,-8957417,-0.17914834,Dark
161,Beyond the Black Rainbow,110.0,"Horror,Sci-Fi,Thriller",6.0,10765,1100000,56491,56491,-1043509,-0.9486445454545455,Dark
162,Soul Surfer,112.0,"Biography,Drama,Family",7.1,41659,18000000,43853424,47158652,29158652,1.619925111111111,Light
163,The Foreigner,113.0,"Action,Thriller",7.0,81288,35000000,34393507,140783360,105783360,3.0223817142857143,Dark
166,Kill List,95.0,"Crime,Drama,Horror",6.4,32807,800000,29063,462206,-337794,-0.4222425,Dark
173,Carrie,100.0,"Drama,Horror",5.9,125424,30000000,35266619,82409520,52409520,1.746984,Dark
182,Cars 3,102.0,"Adventure,Animation,Comedy",6.8,59408,175000000,152901115,383541369,208541369,1.1916649657142857,Light
185,Paddington,95.0,"Adventure,Comedy,Family",7.2,84679,55000000,76223578,258789097,203789097,3.705256309090909,Light
186,Brave,93.0,"Adventure,Animation,Comedy",7.1,338728,185000000,237282182,554606532,369606532,1.997873145945946,Light
187,The Roommate,91.0,"Drama,Thriller",4.9,33062,16000000,37300107,52545707,36545707,2.2841066875,Dark
192,Warm Bodies,98.0,"Comedy,Horror,Romance",6.9,208709,30000000,66380662,115121608,85121608,2.8373869333333332,Dark
193,Alvin and the Chipmunks: Chipwrecked,87.0,"Adventure,Animation,Comedy",4.4,28158,80000000,133107389,349088523,269088523,3.3636065375,Light
195,Super 8,112.0,"Mystery,Sci-Fi,Thriller",7.0,320575,50000000,127004179,257972745,207972745,4.1594549,Dark
202,Fantastic Beasts: The Crimes of Grindelwald,134.0,"Adventure,Family,Fantasy",6.6,163151,200000000,159555901,652220086,452220086,2.26110043,Light
210,The Ghost Writer,128.0,"Drama,Mystery,Thriller",7.2,148274,45000000,15541549,65532491,20532491,0.4562775777777778,Dark
211,The Bourne Legacy,135.0,"Action,Adventure,Thriller",6.7,268678,125000000,113203870,280355920,155355920,1.24284736,Dark
212,Limitless,105.0,"Mystery,Sci-Fi,Thriller",7.4,492490,27000000,79249455,155564919,128564919,4.761663666666666,Dark
213,Broken City,109.0,"Crime,Drama,Thriller",6.2,71704,35000000,19701164,34480045,-519955,-0.014855857142857143,Dark
215,Bullet to the Head,92.0,"Action,Crime,Thriller",5.7,44816,55000000,9489829,22597969,-32402031,-0.5891278363636364,Dark
219,Unknown,113.0,"Action,Mystery,Thriller",6.9,235167,40000000,63686397,136123083,96123083,2.403077075,Dark
221,Happy Feet Two,100.0,"Adventure,Animation,Comedy",5.9,38396,135000000,64006466,157956466,22956466,0.1700478962962963,Light
222,The Apparition,83.0,"Horror,Thriller",4.1,18112,17000000,4936819,10637281,-6362719,-0.3742775882352941,Dark
223,Buried,95.0,"Drama,Mystery,Thriller",7.0,139426,1987650,1044143,21270290,19282640,9.701225064774986,Dark
227,Texas Chainsaw 3D,92.0,"Horror,Thriller",4.8,41784,20000000,34341945,47666013,27666013,1.38330065,Dark
229,Prom,104.0,"Comedy,Drama,Family",5.4,14279,8000000,10130219,10763183,2763183,0.345397875,Light
232,Red Lights,114.0,"Drama,Fantasy,Horror",6.2,55287,17700000,49521,14518884,-3181116,-0.17972406779661018,Dark
234,The Purge: Election Year,108.0,"Action,Horror,Sci-Fi",6.0,80254,10000000,79042440,118514727,108514727,10.8514727,Dark
236,Meet the Blacks,94.0,"Comedy,Horror",5.9,34669,900000,9097072,9097072,8197072,9.107857777777777,Dark
238,Lights Out,81.0,"Drama,Horror,Mystery",6.3,100650,5000000,67268835,148806510,143806510,28.761302,Dark
242,The 15:17 to Paris,94.0,"Biography,Drama,Thriller",5.2,21880,30000000,36276286,56096200,26096200,0.8698733333333334,Dark
247,The Dark Knight Rises,164.0,"Action,Thriller",8.4,1387769,275000000,448139099,1084439099,809439099,2.9434149054545453,Dark
249,Paranoia,106.0,"Drama,Thriller",5.7,33149,40000000,7388654,16340767,-23659233,-0.591480825,Dark
250,Haywire,93.0,"Action,Drama,Thriller",5.8,78681,23000000,18942396,36374700,13374700,0.5815086956521739,Dark
252,Paranormal Activity 2,91.0,Horror,5.7,93122,3000000,84752907,177512032,174512032,58.17067733333333,Dark
255,The Hit List,90.0,"Action,Thriller",5.4,11081,6000000,0,0,-6000000,-1.0,Dark
258,Paranormal Activity 3,83.0,"Horror,Mystery,Thriller",5.8,85689,5000000,104028807,207039844,202039844,40.4079688,Dark
263,The Boss Baby,97.0,"Adventure,Animation,Comedy",6.3,93730,125000000,175003033,510878762,385878762,3.087030096,Light
266,Icarus,120.0,"Documentary,Sport,Thriller",7.9,28979,6000000,0,0,-6000000,-1.0,Dark
267,Tangled,100.0,"Adventure,Animation,Comedy",7.8,366366,260000000,200821936,586477240,326477240,1.2556816923076923,Light
270,The Smurfs,103.0,"Adventure,Animation,Comedy",5.5,77577,110000000,142614158,563749323,453749323,4.124993845454545,Light
271,Unstoppable,98.0,"Action,Thriller",6.8,173019,95000000,81562942,165720921,70720921,0.7444307473684211,Dark
272,Legion,100.0,"Action,Fantasy,Horror",5.2,92709,26000000,40168080,67647574,41647574,1.6018297692307693,Dark
274,It Comes at Night,91.0,"Horror,Mystery",6.2,69039,5000000,13985117,19720203,14720203,2.9440406,Dark
277,The First Purge,98.0,"Action,Horror,Sci-Fi",5.1,41741,13000000,69488745,136617305,123617305,9.509023461538462,Dark
281,My Soul to Take,107.0,"Horror,Mystery,Thriller",4.8,18381,25000000,14744435,16727470,-8272530,-0.3309012,Dark
283,Salt,100.0,"Action,Mystery,Thriller",6.4,277204,130000000,118311368,290650494,160650494,1.2357730307692307,Dark
284,The Sorcerer's Apprentice,109.0,"Action,Adventure,Family",6.1,143862,160000000,63150991,217986320,57986320,0.3624145,Light
285,Chernobyl Diaries,86.0,"Horror,Mystery,Thriller",5.0,60304,1000000,18119640,42411721,41411721,41.411721,Dark
286,Antiviral,108.0,"Horror,Sci-Fi,Thriller",5.7,11025,3100000,0,123407,-2976593,-0.9601912903225807,Dark
294,The BFG,117.0,"Adventure,Family,Fantasy",6.4,69340,140000000,55483770,199646680,59646680,0.4260477142857143,Light
301,Shrek Forever After,93.0,"Adventure,Animation,Comedy",6.3,167532,165000000,238736787,756244673,591244673,3.5833010484848486,Light
302,The Thing,103.0,"Horror,Mystery,Sci-Fi",6.2,111900,38000000,16999934,27573078,-10426922,-0.2743926842105263,Dark
304,Alice in Wonderland,108.0,"Adventure,Family,Fantasy",6.5,358813,200000000,334191110,1025491110,825491110,4.12745555,Light
306,Ghost Rider: Spirit of Vengeance,96.0,"Action,Fantasy,Thriller",4.3,103608,57000000,51774002,149217355,92217355,1.6178483333333333,Dark
307,Diary of a Wimpy Kid: Dog Days,94.0,"Comedy,Family",6.3,19571,22000000,49008662,77229695,55229695,2.510440681818182,Light
312,Yeh Jawaani Hai Deewani,160.0,"Comedy,Drama,Musical",7.1,33971,8300000,3827466,50827466,42527466,5.123791084337349,Light
319,Dolphin Tale 2,107.0,"Drama,Family",6.4,7579,36000000,42024533,57824533,21824533,0.6062370277777778,Light
320,The Boy Next Door,91.0,"Horror,Thriller",4.7,34816,4000000,36006065,53401938,49401938,12.3504845,Dark
329,How to Train Your Dragon,98.0,"Action,Adventure,Animation",8.1,611299,165000000,217581232,494870992,329870992,1.9992181333333334,Light
330,The East,116.0,"Adventure,Drama,Thriller",6.8,46804,6500000,2274649,3027956,-3472044,-0.5341606153846153,Dark
331,Exeter,91.0,"Horror,Mystery,Thriller",4.5,5156,25000,0,489792,464792,18.59168,Dark
342,The Babadook,94.0,"Drama,Horror",6.8,171411,2000000,950792,7482387,5482387,2.7411935,Dark
344,Lost River,95.0,"Drama,Fantasy,Mystery",5.8,15667,2000000,45431,2009644,9644,0.004822,Dark
347,The Family,111.0,"Comedy,Crime,Thriller",6.3,102576,30000000,36918811,51078541,21078541,0.7026180333333333,Dark
348,Furious 7,137.0,"Action,Crime,Thriller",7.2,335074,190000000,353007020,1518722794,1328722794,6.9932778631578945,Dark
350,Ferdinand,108.0,"Adventure,Animation,Comedy",6.7,40229,111000000,84410380,289847930,178847930,1.6112426126126127,Light
352,The Girl on the Train,112.0,"Crime,Drama,Mystery",6.5,150977,45000000,75395035,174278214,129278214,2.8728492,Dark
359,Serenity,106.0,"Drama,Mystery,Sci-Fi",5.3,17904,39000000,25514517,40319440,1319440,0.03383179487179487,Dark
361,Puss in Boots,90.0,"Action,Adventure,Animation",6.6,133355,130000000,149260504,554987477,424987477,3.2691344384615384,Light
367,The Debt,113.0,"Drama,Thriller",6.9,61046,20000000,31177548,46604054,26604054,1.3302027,Dark
369,The Last Exorcism,87.0,"Drama,Horror,Thriller",5.6,45815,1800000,41034350,70165900,68365900,37.98105555555556,Dark
370,Wolves,91.0,"Action,Fantasy,Horror",5.3,7312,18000000,0,94953,-17905047,-0.9947248333333333,Dark
373,The Devil Inside,83.0,Horror,4.2,33522,1000000,53262945,101759490,100759490,100.75949,Dark
379,Deadfall,95.0,"Crime,Drama,Thriller",6.3,36491,6000000,66351,1673635,-4326365,-0.7210608333333334,Dark
381,Triple 9,115.0,"Crime,Thriller",6.3,60369,20000000,12639297,25943792,5943792,0.2971896,Dark
382,Before I Go to Sleep,92.0,"Drama,Horror,Mystery",6.3,64684,22000000,3242457,19563579,-2436421,-0.11074640909090909,Dark
384,Piranha 3D,88.0,"Comedy,Horror",5.4,81327,24000000,25003155,83660160,59660160,2.48584,Dark
387,Goosebumps,103.0,"Adventure,Comedy,Family",6.3,72858,58000000,80069458,158905324,100905324,1.7397469655172413,Light
394,Gulliver's Travels,85.0,"Adventure,Comedy,Family",4.9,61178,112000000,42779261,232017848,120017848,1.0715879285714285,Light
397,The American,105.0,"Crime,Drama,Thriller",6.3,86863,20000000,35606376,67950723,47950723,2.39753615,Dark
398,Martha Marcy May Marlene,102.0,"Drama,Mystery,Thriller",6.9,45873,1000000,2981038,5438911,4438911,4.438911,Dark
401,Hobo with a Shotgun,86.0,"Action,Comedy,Horror",6.1,41633,3000000,703372,834953,-2165047,-0.7216823333333333,Dark
402,The Boy,97.0,"Horror,Mystery,Thriller",6.0,68957,10000000,35819556,68220952,58220952,5.8220952,Dark
403,Miss Sloane,132.0,"Drama,Thriller",7.5,52788,18000000,3500605,7719630,-10280370,-0.5711316666666667,Dark
405,The Emoji Movie,86.0,"Adventure,Animation,Comedy",3.2,47294,50000000,86089513,216562312,166562312,3.33124624,Light
407,Real Steel,127.0,"Action,Drama,Family",7.1,283534,110000000,85463309,263880341,153880341,1.398912190909091,Light
408,Ramona and Beezus,103.0,"Adventure,Comedy,Family",6.6,16086,15000000,26167002,27469621,12469621,0.8313080666666667,Light
411,Epic,102.0,"Adventure,Animation,Family",6.7,95318,100000000,107518682,262794441,162794441,1.62794441,Light
412,Red State,88.0,"Action,Crime,Horror",6.2,59266,4000000,1065429,1983596,-2016404,-0.504101,Dark
413,Hugo,126.0,"Adventure,Drama,Family",7.5,284869,180000000,73864507,180047784,47784,0.00026546666666666665,Light
415,Frankenweenie,87.0,"Animation,Comedy,Family",7.0,89489,39000000,35287788,81150788,42150788,1.080789435897436,Light
420,Frozen,102.0,"Adventure,Animation,Comedy",7.5,516998,150000000,400738009,1272469910,1122469910,7.483132733333333,Light
422,The Pirates! Band of Misfits,88.0,"Adventure,Animation,Comedy",6.7,41958,55000000,31051126,136143605,81143605,1.4753382727272728,Light
423,Max Steel,92.0,"Action,Adventure,Family",4.6,16788,10000000,3818664,4563080,-5436920,-0.543692,Light
425,The Mortal Instruments: City of Bones,130.0,"Action,Fantasy,Horror",5.9,121936,60000000,31165421,75965567,15965567,0.26609278333333336,Dark
427,Abduction,106.0,"Action,Mystery,Thriller",5.1,72552,35000000,28087155,86648359,51648359,1.4756674,Dark
428,A Good Day to Die Hard,98.0,"Action,Thriller",5.3,188383,92000000,67349198,304249198,212249198,2.3070565,Dark
433,The Calling,108.0,"Drama,Thriller",5.8,7350,2500000,0,0,-2500000,-1.0,Dark
435,Ice Age: Continental Drift,88.0,"Adventure,Animation,Comedy",6.6,175601,95000000,161321843,879765137,784765137,8.26068565263158,Light
436,Grave Encounters,92.0,Horror,6.1,48125,2000000,0,2151887,151887,0.0759435,Dark
440,Apollo 18,86.0,"Horror,Mystery,Sci-Fi",5.2,51427,5000000,17686929,26517819,21517819,4.3035638,Dark
443,Divergent,139.0,"Action,Adventure,Mystery",6.7,399703,85000000,150947895,276014965,191014965,2.247234882352941,Dark
445,Dumbo,112.0,"Adventure,Family,Fantasy",6.6,25072,170000000,113883318,345004422,175004422,1.0294377764705882,Light
448,The Wall,88.0,"Action,Drama,Thriller",6.2,20391,3000000,1803064,4495262,1495262,0.4984206666666667,Dark
449,The Wall,108.0,"Drama,Fantasy,Mystery",6.8,5484,3000000,1803064,4495262,1495262,0.4984206666666667,Dark
451,Smallfoot,96.0,"Adventure,Animation,Comedy",6.7,23295,80000000,83240103,213691277,133691277,1.6711409625,Light
453,The Brass Teapot,101.0,"Comedy,Fantasy,Thriller",6.4,13746,900000,6997,413733,-486267,-0.5402966666666666,Dark
457,Dark Skies,97.0,"Horror,Sci-Fi,Thriller",6.3,65754,3500000,17418667,27704111,24204111,6.9154602857142855,Dark
461,Lucy,89.0,"Action,Sci-Fi,Thriller",6.4,403194,40000000,126573960,457507776,417507776,10.4376944,Dark
464,Life,104.0,"Horror,Sci-Fi,Thriller",6.6,182840,75000000,64062587,73521587,-1478413,-0.019712173333333333,Dark
468,Incarnate,91.0,"Horror,Thriller",5.3,10217,5000000,4799774,9371036,4371036,0.8742072,Dark
471,Unforgettable,100.0,"Drama,Thriller",5.1,11489,18000000,2483790,2483790,-15516210,-0.8620116666666666,Dark
474,Glass,129.0,"Drama,Sci-Fi,Thriller",6.8,133793,20000000,111035005,245303505,225303505,11.26517525,Dark
476,Hereditary,127.0,"Drama,Horror,Mystery",7.3,151571,10000000,44069456,70133905,60133905,6.0133905,Dark
478,The Muppets,103.0,"Adventure,Comedy,Family",7.1,82752,45000000,88625922,160971922,115971922,2.5771538222222223,Light
480,Zookeeper,102.0,"Comedy,Family,Romance",5.2,52396,80000000,80360866,170805525,90805525,1.1350690625,Light
481,Red Dawn,93.0,"Action,Sci-Fi,Thriller",5.4,69599,65000000,44806783,48164150,-16835850,-0.2590130769230769,Dark
487,Winnie the Pooh,63.0,"Adventure,Animation,Comedy",7.2,19605,30000000,26692846,50145607,20145607,0.6715202333333333,Light
488,Dream House,84.0,"Drama,Mystery,Thriller",6.0,59714,50000000,21302340,41642166,-8357834,-0.16715668,Dark
491,The Woman in Black,95.0,"Drama,Fantasy,Horror",6.4,165357,15000000,54333290,128955898,113955898,7.597059866666667,Dark
492,Contagion,106.0,"Action,Drama,Thriller",6.6,201536,60000000,75658097,137551594,77551594,1.2925265666666668,Dark
494,Skin Trade,96.0,"Action,Crime,Thriller",5.7,6942,9000000,1242,1242,-8998758,-0.999862,Dark
496,Safe Haven,115.0,"Drama,Romance,Thriller",6.7,97055,28000000,71399120,94050951,66050951,2.358962535714286,Dark
498,No Escape,103.0,"Action,Thriller",6.8,70222,5000000,27288872,42844516,37844516,7.5689032,Dark
499,While We're Young,97.0,"Comedy,Drama,Mystery",6.3,41327,10000000,7582065,17503828,7503828,0.7503828,Dark
502,Victor Frankenstein,110.0,"Drama,Horror,Sci-Fi",6.0,47492,40000000,5775076,31124367,-8875633,-0.221890825,Dark
510,Zipper,112.0,"Drama,Thriller",5.8,6120,4500000,0,0,-4500000,-1.0,Dark
511,Jack Reacher: Never Go Back,118.0,"Action,Thriller",6.1,121892,60000000,58697076,159946489,99946489,1.6657748166666666,Dark
512,The Veil,93.0,Horror,4.8,6895,4000000,0,0,-4000000,-1.0,Dark
520,The Killer Inside Me,109.0,"Crime,Drama,Horror",6.1,31727,13000000,217277,3617277,-9382723,-0.721747923076923,Dark
523,The Darkness,92.0,"Horror,Thriller",4.4,12435,4000000,10753574,10898293,6898293,1.72457325,Dark
525,Side Effects,106.0,"Crime,Drama,Mystery",7.1,168466,30000000,32172757,66742138,36742138,1.2247379333333333,Dark
529,Kung Fu Panda 3,95.0,"Action,Adventure,Animation",7.1,116166,140000000,143528619,517599142,377599142,2.6971367285714285,Light
530,The SpongeBob Movie: Sponge Out of Water,92.0,"Adventure,Animation,Comedy",6.0,43560,74000000,162994032,311013181,237013181,3.2028808243243243,Light
531,Sherlock Gnomes,86.0,"Adventure,Animation,Comedy",5.1,8030,59000000,43242871,87527651,28527651,0.48351950847457625,Light
535,Red Sparrow,140.0,"Action,Drama,Thriller",6.6,136738,69000000,46874505,145951861,76951861,1.1152443623188406,Dark
539,Regression,106.0,"Crime,Horror,Mystery",5.7,33335,20000000,55039,15824374,-4175626,-0.2087813,Dark
540,Housebound,107.0,"Comedy,Horror,Mystery",6.8,29757,1500000,0,236863,-1263137,-0.8420913333333333,Dark
541,Cargo,105.0,"Drama,Horror,Sci-Fi",6.3,27339,4200000,0,313230,-3886770,-0.9254214285714286,Dark
543,Ravenous,104.0,"Drama,Horror,Sci-Fi",5.9,5970,12000000,2062406,2062406,-9937594,-0.8281328333333333,Dark
547,Snowden,134.0,"Biography,Drama,Thriller",7.3,119149,50000000,21587519,35380918,-14619082,-0.29238164,Dark
548,Evolution,81.0,"Drama,Mystery,Sci-Fi",6.0,5266,80000000,38311134,98341932,18341932,0.22927415,Dark
549,Goosebumps 2: Haunted Halloween,90.0,"Adventure,Comedy,Family",5.6,11459,35000000,46697321,93291478,58291478,1.6654708,Light
550,The Possession of Hannah Grace,86.0,"Horror,Mystery,Thriller",5.2,11629,6000000,14836174,42785387,36785387,6.130897833333333,Dark
552,The Mechanic,93.0,"Action,Crime,Thriller",6.6,141254,42500000,29121498,76347393,33847393,0.7964092470588235,Dark
556,Trapped,105.0,"Action,Drama,Thriller",7.6,7683,30000000,6916869,6916869,-23083131,-0.7694377,Dark
559,Green Zone,115.0,"Action,Drama,Thriller",6.8,122132,100000000,35497337,97523020,-2476980,-0.0247698,Dark
565,The Reef,94.0,"Adventure,Drama,Horror",5.8,15194,10000000,0,15037867,5037867,0.5037867,Dark
566,Tinker Tailor Soldier Spy,122.0,"Drama,Mystery,Thriller",7.1,174890,21000000,24149393,81452811,60452811,2.8787052857142856,Dark
567,Cloud Atlas,172.0,"Action,Drama,Mystery",7.4,326473,102000000,27108272,130673154,28673154,0.28110935294117645,Dark
569,"I, Frankenstein",92.0,"Action,Fantasy,Horror",5.1,74910,65000000,19075290,74575290,9575290,0.14731215384615384,Dark
570,Monsters University,104.0,"Adventure,Animation,Comedy",7.3,291887,200000000,268488329,743588329,543588329,2.717941645,Light
571,The Greatest Showman,105.0,"Biography,Drama,Musical",7.6,199663,84000000,174340174,386665550,302665550,3.6031613095238093,Light
572,Red Riding Hood,100.0,"Fantasy,Horror,Mystery",5.5,102369,42000000,37662162,91678442,49678442,1.1828200476190476,Dark
573,The Vatican Tapes,91.0,"Horror,Thriller",5.0,14822,13000000,1784763,14929184,1929184,0.14839876923076922,Dark
574,Absentia,87.0,"Drama,Horror,Mystery",5.8,15507,70000,0,8555,-61445,-0.8777857142857143,Dark
576,Take Shelter,121.0,"Drama,Horror,Thriller",7.4,83200,4750000,1728953,4972016,222016,0.04674021052631579,Dark
579,Secret in Their Eyes,111.0,"Crime,Drama,Mystery",6.3,37455,20000000,20180155,32608019,12608019,0.63040095,Dark
582,Velvet Buzzsaw,113.0,"Horror,Mystery,Thriller",5.7,40213,21000000,0,0,-21000000,-1.0,Dark
586,The Good Dinosaur,93.0,"Adventure,Animation,Comedy",6.7,91465,187500000,123087120,333771037,146271037,0.7801121973333334,Light
588,Mama,100.0,"Horror,Thriller",6.2,158487,15000000,71628180,148095566,133095566,8.873037733333334,Dark
590,Inside Out,95.0,"Adventure,Animation,Comedy",8.2,536181,175000000,356461711,854235992,679235992,3.881348525714286,Light
591,Maniac,89.0,"Horror,Thriller",6.1,32534,350000,10000000,10000000,9650000,27.571428571428573,Dark
592,Getaway,90.0,"Action,Crime,Thriller",4.4,22157,18000000,10501938,11813989,-6186011,-0.3436672777777778,Dark
595,Alice Through the Looking Glass,113.0,"Adventure,Family,Fantasy",6.2,79951,170000000,77042381,276928112,106928112,0.628988894117647,Light
600,31,102.0,"Horror,Thriller",5.1,15055,1500000,779820,922727,-577273,-0.38484866666666667,Dark
601,Rough Night,101.0,"Comedy,Crime,Thriller",5.2,39447,20000000,22105643,46844357,26844357,1.34221785,Dark
603,Skyscraper,102.0,"Action,Adventure,Thriller",5.8,81193,125000000,68420120,304115534,179115534,1.432924272,Dark
604,Acrimony,120.0,"Drama,Romance,Thriller",5.7,6119,20000000,43549096,46627836,26627836,1.3313918,Dark
608,Megamind,95.0,"Action,Animation,Comedy",7.3,207488,130000000,148415853,321887208,191887208,1.4760554461538462,Light
609,The Belko Experiment,89.0,"Horror,Thriller",6.1,38378,5000000,10166820,11792942,6792942,1.3585884,Dark
610,The Ides of March,101.0,"Drama,Thriller",7.1,207417,23000000,40962534,77735925,54735925,2.3798228260869565,Dark
614,Jack Ryan: Shadow Recruit,105.0,"Action,Drama,Thriller",6.2,114913,60000000,50577412,131377412,71377412,1.1896235333333334,Dark
623,The Odd Life of Timothy Green,105.0,"Comedy,Drama,Family",6.6,42770,40000000,51853450,55249159,15249159,0.381228975,Light
626,Savages,131.0,"Crime,Drama,Thriller",6.5,115793,45000000,47323100,82513490,37513490,0.8336331111111112,Dark
627,A Wrinkle in Time,109.0,"Adventure,Family,Fantasy",4.2,34888,103000000,100478608,133401882,30401882,0.29516390291262135,Light
628,Safe,94.0,"Action,Crime,Thriller",6.5,96388,33000000,17142080,41495213,8495213,0.25743069696969695,Dark
629,Sound of My Voice,85.0,"Drama,Mystery,Sci-Fi",6.6,19387,135000,408015,429448,294448,2.181096296296296,Dark
630,The Snowman,119.0,"Crime,Drama,Mystery",5.1,47890,35000000,6670765,43226146,8226146,0.23503274285714285,Dark
631,Killing Them Softly,97.0,"Crime,Thriller",6.2,124086,15000000,14945541,39238443,24238443,1.6158962,Dark
632,Wreck-It Ralph,101.0,"Adventure,Animation,Comedy",7.7,344496,165000000,189412677,496511521,331511521,2.0091607333333332,Light
635,The Circle,110.0,"Drama,Sci-Fi,Thriller",5.3,72536,18000000,20497844,40651864,22651864,1.2584368888888888,Dark
637,The Fate of the Furious,136.0,"Action,Crime,Thriller",6.7,179774,250000000,225764765,1234846267,984846267,3.939385068,Dark
638,Early Man,89.0,"Adventure,Animation,Comedy",6.1,15882,50000000,8267544,45285890,-4714110,-0.0942822,Light
640,Slender Man,93.0,"Horror,Mystery,Thriller",3.2,19650,10000000,30564825,51723644,41723644,4.1723644,Dark
641,"Roman J. Israel, Esq.",122.0,"Crime,Drama,Thriller",6.4,23632,22000000,11962712,12967012,-9032988,-0.41059036363636364,Dark
642,I Can Only Imagine,110.0,"Biography,Drama,Family",7.4,11439,7000000,83482352,85604221,78604221,11.22917442857143,Light
644,The Three Stooges,92.0,"Comedy,Family",5.1,28570,30000000,44338224,54052249,24052249,0.8017416333333334,Light
648,13 Sins,93.0,"Horror,Thriller",6.3,29550,4000000,9134,47552,-3952448,-0.988112,Dark
650,Addicted,106.0,"Drama,Thriller",5.2,7640,5000000,17390770,17499242,12499242,2.4998484,Dark
651,White House Down,131.0,"Action,Drama,Thriller",6.4,191791,150000000,73103784,205440387,55440387,0.36960258,Dark
653,The Last Five Years,94.0,"Comedy,Drama,Musical",5.9,8735,2000000,147299,205298,-1794702,-0.897351,Light
655,Sinister 2,97.0,"Horror,Mystery,Thriller",5.3,41782,10000000,27740955,54104225,44104225,4.4104225,Dark
656,The Lazarus Effect,83.0,"Horror,Mystery,Sci-Fi",5.2,37675,5000000,25801570,38359310,33359310,6.671862,Dark
658,Tusk,102.0,"Comedy,Drama,Horror",5.3,40827,3000000,1821983,1887554,-1112446,-0.37081533333333333,Dark
663,The Wolfman,103.0,"Drama,Fantasy,Horror",5.8,97873,150000000,62189884,142634358,-7365642,-0.04910428,Dark
665,Percy Jackson & the Olympians: The Lightning Thief,118.0,"Adventure,Family,Fantasy",5.9,165108,95000000,88768303,223050874,128050874,1.3479039368421053,Light
668,Parental Guidance,105.0,"Comedy,Family",6.1,23711,25000000,77267296,120832383,95832383,3.83329532,Light
669,Tomorrowland,130.0,"Action,Adventure,Family",6.4,161343,170000000,93436322,206627518,36627518,0.2154559882352941,Light
671,The Last Exorcism Part II,88.0,"Drama,Horror,Thriller",4.0,15124,4000000,15179303,25448707,21448707,5.36217675,Dark
675,Big Hero 6,102.0,"Action,Adventure,Animation",7.8,371204,165000000,222527828,652127828,487127828,2.952289866666667,Light
680,Zootopia,108.0,"Adventure,Animation,Comedy",8.0,383446,150000000,341268248,1019429616,869429616,5.79619744,Light
682,Despicable Me 3,89.0,"Adventure,Animation,Comedy",6.3,92580,75000000,264624300,1034727750,959727750,12.79637,Light
690,Hotel Transylvania 3: Summer Vacation,97.0,"Adventure,Animation,Comedy",6.3,42299,65000000,167500092,527079962,462079962,7.108922492307692,Light
691,Insidious: The Last Key,103.0,"Horror,Mystery,Thriller",5.7,42154,10000000,67745330,167885588,157885588,15.7885588,Dark
698,The Perfect Host,93.0,"Comedy,Crime,Thriller",6.8,23378,1000000,48764,51587,-948413,-0.948413,Dark
700,Taken 2,92.0,"Action,Thriller",6.3,273106,45000000,139854287,377807404,332807404,7.395720088888889,Dark
701,Winter's Bone,100.0,"Drama,Mystery",7.2,127751,2000000,6531503,16131551,14131551,7.0657755,Dark
702,Hansel & Gretel: Witch Hunters,88.0,"Action,Fantasy,Horror",6.1,183387,50000000,55703475,214949716,164949716,3.29899432,Dark
703,Prometheus,124.0,"Adventure,Mystery,Sci-Fi",7.0,538720,125000000,126477084,402448265,277448265,2.21958612,Dark
704,Kidnap,95.0,"Crime,Drama,Thriller",5.9,28898,21000000,30718107,34836080,13836080,0.6588609523809524,Dark
705,Zambezia,83.0,"Adventure,Animation,Comedy",5.8,6010,20000000,0,34454336,14454336,0.7227168,Light
706,Area 51,91.0,"Horror,Sci-Fi,Thriller",4.2,11537,5000000,7556,7556,-4992444,-0.9984888,Dark
708,The Awakening,102.0,"Horror,Thriller",6.5,60215,4900000,95933,6924321,2024321,0.41312673469387756,Dark
713,3 Days to Kill,117.0,"Action,Drama,Thriller",6.2,81681,28000000,30697999,38959900,10959900,0.391425,Dark
714,Zulu,110.0,"Crime,Drama,Thriller",6.7,16607,16000000,0,1844228,-14155772,-0.88473575,Dark
716,Need for Speed,132.0,"Action,Crime,Thriller",6.5,154909,66000000,43568507,194169619,128169619,1.9419639242424243,Dark
718,Arrival,116.0,"Drama,Mystery,Sci-Fi",7.9,515483,47000000,100546139,203127894,156127894,3.321870085106383,Dark
720,Veronica Mars,107.0,"Crime,Drama,Mystery",6.8,46751,6000000,3322127,3485383,-2514617,-0.4191028333333333,Dark
722,Jigsaw,92.0,"Crime,Horror,Mystery",5.8,57184,10000000,38052832,102445196,92445196,9.2445196,Dark
725,Nocturnal Animals,116.0,"Drama,Thriller",7.5,205240,22500000,10663357,32398681,9898681,0.43994137777777775,Dark
727,Peter Rabbit,95.0,"Adventure,Animation,Comedy",6.6,27908,50000000,115234093,347136477,297136477,5.94272954,Light
731,First Reformed,113.0,"Drama,Mystery,Thriller",7.1,33542,3500000,3448256,3874772,374772,0.10707771428571429,Dark
732,Aladdin,128.0,"Adventure,Comedy,Family",7.4,57549,182000000,246734314,619234314,437234314,2.4023863406593406,Light
737,The Overnight,79.0,"Comedy,Mystery",6.1,14828,200000,1109808,1165996,965996,4.82998,Dark
739,Green Room,95.0,"Horror,Music,Thriller",7.0,90773,5000000,3220371,3807503,-1192497,-0.2384994,Dark
740,The Witch,92.0,"Horror,Mystery",6.8,154278,3500000,25138705,40454520,36954520,10.558434285714286,Dark
742,Morgan,92.0,"Action,Horror,Sci-Fi",5.8,35487,8000000,3915251,7298786,-701214,-0.08765175,Dark
743,Storks,87.0,"Adventure,Animation,Comedy",6.8,50448,70000000,72679278,183353431,113353431,1.6193347285714286,Light
744,Wish Upon,90.0,"Drama,Fantasy,Horror",5.0,14962,12000000,14301505,23477345,11477345,0.9564454166666667,Dark
745,The Illusionist,80.0,"Animation,Drama",7.5,31734,16500000,39868642,83792062,67292062,4.0783067878787875,Light
747,The Nut Job,85.0,"Adventure,Animation,Comedy",5.7,24587,30000000,64251538,122529966,92529966,3.0843322,Light
753,The Angry Birds Movie,97.0,"Action,Animation,Comedy",6.3,69624,73000000,107509366,352327887,279327887,3.826409410958904,Light
757,Gone Girl,149.0,"Drama,Mystery,Thriller",8.1,761592,61000000,167767189,368567189,307567189,5.042085065573771,Dark
758,Coco,105.0,"Adventure,Animation,Comedy",8.4,277194,175000000,209726015,798008101,623008101,3.5600462914285713,Light
761,Project Almanac,106.0,"Drama,Mystery,Sci-Fi",6.4,71500,12000000,22348241,32909437,20909437,1.7424530833333334,Dark
762,The Peanuts Movie,88.0,"Adventure,Animation,Comedy",7.1,39149,99000000,130178411,250091610,151091610,1.5261778787878788,Light
769,Secretariat,123.0,"Biography,Drama,Family",7.2,24536,35000000,59699513,60376247,25376247,0.7250356285714286,Light
771,The Lincoln Lawyer,118.0,"Crime,Drama,Thriller",7.3,196109,40000000,58009200,87145086,47145086,1.17862715,Dark
772,Cars 2,106.0,"Adventure,Animation,Comedy",6.2,138914,200000000,191450875,560155383,360155383,1.800776915,Light
776,Premium Rush,91.0,"Action,Crime,Thriller",6.5,105279,35000000,20275446,31393201,-3606799,-0.1030514,Dark
778,Free Birds,91.0,"Adventure,Animation,Comedy",5.9,20934,55000000,55750480,110387072,55387072,1.0070376727272727,Light
780,Stolen,96.0,"Action,Crime,Thriller",5.5,41313,35000000,289773,17967746,-17032254,-0.48663582857142856,Dark
782,Silent House,86.0,"Drama,Horror,Mystery",5.3,20831,2000000,12739737,16610760,14610760,7.30538,Dark
783,Percy Jackson: Sea of Monsters,106.0,"Adventure,Family,Fantasy",5.8,102313,90000000,68559554,200859554,110859554,1.2317728222222222,Light
786,Phantom,98.0,"Drama,History,Thriller",5.9,12786,18000000,1034589,1199510,-16800490,-0.9333605555555555,Dark
787,Phantom,136.0,"Action,Drama,Thriller",5.8,7739,18000000,1034589,1199510,-16800490,-0.9333605555555555,Dark
788,Eye in the Sky,102.0,"Drama,Thriller,War",7.3,72301,13000000,18704596,35402802,22402802,1.7232924615384615,Dark
789,Captain Underpants: The First Epic Movie,89.0,"Action,Animation,Comedy",6.2,21903,38000000,73921000,126577874,88577874,2.3309966842105263,Light
790,The Green Inferno,100.0,"Adventure,Horror",5.3,33239,1000000,7192291,12931420,11931420,11.93142,Dark
792,Taken 3,108.0,"Action,Thriller",6.0,165072,48000000,89256424,327656424,279656424,5.8261755,Dark
793,Paranormal Activity: The Marked Ones,84.0,"Horror,Mystery,Thriller",5.0,37147,5000000,32462372,90904854,85904854,17.1809708,Dark
797,Beauty and the Beast,129.0,"Family,Fantasy,Musical",7.2,238325,160000000,504014165,1259199706,1099199706,6.8699981625,Light
801,The Signal,97.0,"Drama,Mystery,Sci-Fi",6.1,58407,4000000,600896,2665322,-1334678,-0.3336695,Dark
804,Thunder and the House of Magic,85.0,"Adventure,Animation,Comedy",6.3,5626,34000000,4091,62582520,28582520,0.8406623529411764,Light
807,Bilal: A New Breed of Hero,105.0,"Action,Adventure,Animation",8.0,16854,30000000,490973,648599,-29351401,-0.9783800333333333,Light
811,The Town,125.0,"Crime,Drama,Thriller",7.6,322524,37000000,92186262,152566881,115566881,3.1234292162162163,Dark
814,Hanna,111.0,"Action,Drama,Thriller",6.8,179178,30000000,40259119,65343694,35343694,1.1781231333333333,Dark
816,The Darkest Hour,89.0,"Action,Adventure,Horror",4.9,55071,34800000,21443494,62831715,28031715,0.8055090517241379,Dark
824,The Conjuring,112.0,"Horror,Mystery,Thriller",7.5,397233,20000000,137400141,318000141,298000141,14.90000705,Dark
828,Maleficent,97.0,"Action,Adventure,Family",7.0,305832,180000000,241407328,758536735,578536735,3.2140929722222222,Light
829,Fast Five,130.0,"Action,Crime,Thriller",7.3,329892,125000000,210031325,630163454,505163454,4.041307632,Dark
830,Oz the Great and Powerful,130.0,"Adventure,Family,Fantasy",6.3,192045,200000000,234770996,490359051,290359051,1.451795255,Light
833,Colombiana,108.0,"Action,Drama,Thriller",6.4,87659,40000000,36665854,72295262,32295262,0.80738155,Dark
834,Detention,93.0,"Comedy,Horror,Mystery",5.8,14221,10000000,0,0,-10000000,-1.0,Dark
835,Zero Dark Thirty,157.0,"Drama,Thriller",7.4,251072,52500000,95720716,134612435,82112435,1.564046380952381,Dark
836,Truth or Die,96.0,"Horror,Mystery",5.6,8123,1000000,0,0,-1000000,-1.0,Dark
840,American Assassin,112.0,"Action,Thriller",6.2,57793,63000000,36249674,68310140,5310140,0.0842879365079365,Dark
841,A Most Wanted Man,122.0,"Crime,Drama,Thriller",6.8,67914,15000000,17237855,36068890,21068890,1.4045926666666666,Dark
842,Paranormal Activity 4,88.0,"Horror,Mystery,Thriller",4.6,58408,5000000,53900335,142817992,137817992,27.5635984,Dark
844,Fear Clinic,95.0,Horror,5.0,6256,1000000,0,0,-1000000,-1.0,Dark
845,Rio 2,101.0,"Adventure,Animation,Comedy",6.3,72209,130000000,131538435,492846291,362846291,2.7911253153846154,Light
847,Alvin and the Chipmunks: The Road Chip,92.0,"Adventure,Animation,Comedy",5.1,14507,90000000,85886987,249517956,159517956,1.7724217333333334,Light
849,Murder on the Orient Express,114.0,"Crime,Drama,Mystery",6.5,178603,55000000,102826543,345922730,290922730,5.289504181818182,Dark
850,Moana,107.0,"Adventure,Animation,Comedy",7.6,224253,150000000,248757044,637517365,487517365,3.2501157666666667,Light
851,Mandy,121.0,"Action,Fantasy,Horror",6.6,44378,6000000,1214525,1427656,-4572344,-0.7620573333333334,Dark
858,The Smurfs 2,105.0,"Adventure,Animation,Comedy",5.4,34229,110000000,71017784,348547523,238547523,2.1686138454545456,Light
860,Earth to Echo,91.0,"Adventure,Family,Sci-Fi",5.8,17627,13000000,38934842,42174545,29174545,2.2441957692307692,Light
862,Fifty Shades of Grey,125.0,"Drama,Romance,Thriller",4.1,279126,40000000,166167230,570998101,530998101,13.274952525,Dark
863,Strangerland,112.0,"Drama,Mystery,Thriller",5.2,7999,10000000,17472,161097,-9838903,-0.9838903,Dark
864,Parkland,93.0,"Drama,History,Mystery",6.4,14036,10000000,641439,1616353,-8383647,-0.8383647,Dark
865,Frontera,103.0,"Drama,Thriller,Western",6.6,6861,2300000,59696,59696,-2240304,-0.9740452173913043,Dark
867,Bird Box,124.0,"Drama,Horror,Sci-Fi",6.6,218063,19800000,0,0,-19800000,-1.0,Dark
869,Ex Machina,108.0,"Drama,Mystery,Sci-Fi",7.7,424542,13000000,25440971,38358392,25358392,1.9506455384615384,Dark
870,Burlesque,119.0,"Drama,Music,Musical",6.4,71021,55000000,39440655,90552675,35552675,0.6464122727272728,Light
881,The Innkeepers,101.0,"Drama,Horror,Mystery",5.5,31089,750000,78396,1011535,261535,0.3487133333333333,Dark
885,Before I Fall,98.0,"Drama,Fantasy,Mystery",6.4,39282,5000000,12241072,18945682,13945682,2.7891364,Dark
887,Alex Cross,101.0,"Action,Crime,Mystery",5.1,30951,35000000,25888412,35426759,426759,0.012193114285714285,Dark
888,Scouts Guide to the Zombie Apocalypse,93.0,"Action,Comedy,Horror",6.3,40479,15000000,3703046,15554855,554855,0.03699033333333333,Dark
889,Twixt,88.0,"Comedy,Fantasy,Horror",4.8,9774,7000000,0,1268346,-5731654,-0.8188077142857143,Dark
890,The Words,102.0,"Drama,Mystery,Romance",7.1,70308,6000000,11494838,16369708,10369708,1.7282846666666667,Dark
891,The Neon Demon,117.0,"Horror,Thriller",6.2,72359,7500000,1333124,3559803,-3940197,-0.5253596,Dark
893,Banshee Chapter,87.0,"Horror,Sci-Fi,Thriller",5.5,8219,950000,0,78122,-871878,-0.9177663157894737,Dark
895,Minions,91.0,"Adventure,Animation,Comedy",6.4,193917,74000000,336045770,1160336173,1086336173,14.680218554054054,Light
896,The Disappointments Room,85.0,"Drama,Horror,Thriller",3.9,8167,15000000,2423467,3503761,-11496239,-0.7664159333333334,Dark
899,Shut In,91.0,"Drama,Mystery,Thriller",4.7,11030,10000000,6900335,11360665,1360665,0.1360665,Dark
903,Room,118.0,"Drama,Thriller",8.2,316791,13000000,14677674,36262783,23262783,1.7894448461538461,Dark
904,Heist,93.0,"Action,Crime,Thriller",6.1,24740,35000000,23483357,28906817,-6093183,-0.17409094285714286,Dark
906,A Monster Calls,108.0,"Animation,Drama,Fantasy",7.5,70416,43000000,3740823,46414530,3414530,0.07940767441860465,Light
909,Dhoom 3,172.0,"Action,Thriller",5.4,40466,24000000,8031955,11723620,-12276380,-0.5115158333333333,Dark
910,You're Next,95.0,"Action,Comedy,Horror",6.6,79451,1000000,18494006,26887177,25887177,25.887177,Dark
913,The Frozen Ground,105.0,"Crime,Drama,Mystery",6.4,51915,19200000,0,5617460,-13582540,-0.7074239583333334,Dark
915,The Imitation Game,114.0,"Biography,Drama,Thriller",8.0,620834,15000000,91125143,227740463,212740463,14.182697533333334,Dark
920,Oculus,104.0,"Horror,Mystery",6.5,106906,5000000,27695246,44115496,39115496,7.8230992,Dark
921,The November Man,108.0,"Action,Crime,Thriller",6.3,59293,15000000,25018119,34820335,19820335,1.3213556666666666,Dark
922,Bone Tomahawk,132.0,"Adventure,Drama,Horror",7.1,70298,2000000,0,475846,-1524154,-0.762077,Dark
926,The Lego Ninjago Movie,101.0,"Action,Adventure,Animation",6.0,18926,70000000,59281555,122737201,52737201,0.7533885857142857,Light
928,Annabelle,99.0,"Horror,Mystery,Thriller",5.4,122039,6500000,84273813,256862920,250362920,38.517372307692305,Dark
929,Krampus,98.0,"Comedy,Fantasy,Horror",6.2,55400,15000000,42725475,61788393,46788393,3.1192262,Dark
931,Replicas,107.0,"Drama,Sci-Fi,Thriller",5.4,17336,4000000,0,0,-4000000,-1.0,Dark
933,Bad Times at the El Royale,141.0,"Crime,Drama,Mystery",7.1,86318,32000000,17839115,29204379,-2795621,-0.08736315625,Dark
934,Dragon Ball Super: Broly,100.0,"Action,Adventure,Animation",8.0,16465,8500000,30376755,122747755,114247755,13.440912352941176,Light
936,Sanctum,108.0,"Adventure,Drama,Thriller",5.9,51318,30000000,23209310,108957098,78957098,2.631903266666667,Dark
938,Maggie,95.0,"Drama,Horror",5.6,38671,4500000,187112,1027760,-3472240,-0.7716088888888889,Dark
939,Parker,118.0,"Action,Crime,Thriller",6.2,105529,35000000,17616641,48543388,13543388,0.38695394285714285,Dark
940,The Reluctant Fundamentalist,130.0,"Drama,Thriller",6.9,12511,15000000,528731,528731,-14471269,-0.9647512666666667,Dark
941,The Gambler,111.0,"Crime,Drama,Thriller",6.0,59995,25000000,33680992,38718031,13718031,0.54872124,Dark
943,The Counselor,117.0,"Crime,Drama,Thriller",5.3,92096,25000000,16973715,71009334,46009334,1.84037336,Dark
945,Runner Runner,88.0,"Crime,Thriller",5.6,58235,30000000,19316646,60512680,30512680,1.0170893333333333,Dark
949,Midnight Special,112.0,"Action,Drama,Mystery",6.6,67921,18000000,3712282,7680250,-10319750,-0.5733194444444445,Dark
952,London Has Fallen,99.0,"Action,Thriller",5.9,124757,60000000,62524260,195194085,135194085,2.25323475,Dark
954,Max,111.0,"Adventure,Drama,Family",6.8,23976,20000000,42656255,43658157,23658157,1.18290785,Light
956,Nurse 3D,84.0,"Horror,Thriller",4.6,8768,10000000,0,0,-10000000,-1.0,Dark
960,Home,94.0,"Adventure,Animation,Comedy",6.6,85831,130000000,177397510,385997896,255997896,1.9692145846153846,Light
970,Nightcrawler,117.0,"Crime,Drama,Thriller",7.9,404476,8500000,32381218,50334418,41834418,4.921696235294117,Dark
973,Sing,108.0,"Animation,Comedy,Family",7.1,115951,75000000,270329045,634454789,559454789,7.459397186666667,Light
977,Fifty Shades Freed,105.0,"Drama,Romance,Thriller",4.5,43893,55000000,100407760,371350619,316350619,5.751829436363637,Dark
978,Mile 22,94.0,"Action,Adventure,Thriller",6.1,47862,35000000,36108758,66295121,31295121,0.8941463142857143,Dark
981,The Nutcracker and the Four Realms,99.0,"Adventure,Family,Fantasy",5.5,18734,132900000,54858851,170293899,37393899,0.281368690744921,Light
983,The Boxtrolls,96.0,"Adventure,Animation,Comedy",6.8,50763,60000000,50837305,111946251,51946251,0.86577085,Light
984,Mr. Peabody & Sherman,92.0,"Adventure,Animation,Comedy",6.8,57277,145000000,111506430,269806430,124806430,0.860734,Light
985,Snitch,112.0,"Action,Drama,Thriller",6.5,78142,15000000,42930462,57907734,42907734,2.8605156,Dark
987,Argo,120.0,"Biography,Drama,Thriller",7.7,534683,44500000,136025503,227140757,182640757,4.104286674157303,Dark
989,Jason Bourne,123.0,"Action,Thriller",6.6,190596,120000000,162192920,416168316,296168316,2.4680693,Dark
993,Get Out,104.0,"Horror,Mystery,Thriller",7.7,400474,5000000,176040665,255367951,250367951,50.0735902,Dark
997,Black Swan,108.0,"Drama,Thriller",8.0,648854,13000000,106954678,331266710,318266710,24.482054615384616,Dark
998,Monte Carlo,109.0,"Adventure,Comedy,Family",5.8,38731,20000000,23186769,39686769,19686769,0.98433845,Light
1000,Rango,107.0,"Adventure,Animation,Comedy",7.2,215761,135000000,123477607,245724600,110724600,0.8201822222222223,Light
1007,Final Destination 5,92.0,Horror,5.9,98061,40000000,42587643,155011165,115011165,2.875279125,Dark
1008,Enter Nowhere,90.0,"Mystery,Sci-Fi,Thriller",6.6,7298,500000,0,0,-500000,-1.0,Dark
1009,Cinderella,105.0,"Drama,Family,Fantasy",6.9,142792,95000000,201151353,534551353,439551353,4.626856347368421,Light
1012,The Collection,82.0,"Action,Horror,Thriller",6.1,42256,10000000,6810754,8890094,-1109906,-0.1109906,Dark
1013,The Little Prince,108.0,"Adventure,Animation,Drama",7.7,50015,77500000,1311213,102028919,24528919,0.3165021806451613,Light
1015,Incredibles 2,118.0,"Action,Adventure,Animation",7.7,203510,200000000,608581744,1242520711,1042520711,5.212603555,Light
1016,The Perfect Guy,100.0,"Crime,Drama,Horror",5.6,8998,18000000,57027435,60278166,42278166,2.348787,Dark
1017,Maze Runner: The Scorch Trials,131.0,"Action,Sci-Fi,Thriller",6.3,201143,61000000,81697192,310566162,249566162,4.09124855737705,Dark
1018,The Prodigy,92.0,"Horror,Thriller",5.9,11456,6000000,14856291,19789712,13789712,2.2982853333333333,Dark
1021,Hush,82.0,"Horror,Thriller",6.6,79100,1000000,0,0,-1000000,-1.0,Dark
1022,Happy Death Day,96.0,"Horror,Mystery,Thriller",6.5,87132,5000000,55683845,125010260,120010260,24.002052,Dark
1023,Blade Runner 2049,164.0,"Drama,Mystery,Sci-Fi",8.0,376241,185000000,92054159,259357408,74357408,0.40193193513513514,Dark
1025,Sinister,110.0,"Horror,Mystery,Thriller",6.8,198345,3000000,48086903,87727807,84727807,28.242602333333334,Dark
1029,Alien: Covenant,122.0,"Horror,Sci-Fi,Thriller",6.4,226920,97000000,74262031,238521247,141521247,1.4589819278350515,Dark
1032,Blue Ruin,90.0,"Crime,Drama,Thriller",7.1,58811,420000,258384,437002,17002,0.04048095238095238,Dark
1033,Deliver Us from Evil,118.0,"Horror,Mystery,Thriller",6.2,63793,30000000,30577122,87956618,57956618,1.9318872666666667,Dark
1036,Hot Tub Time Machine 2,93.0,"Comedy,Mystery,Sci-Fi",5.1,34444,14000000,12314651,12826644,-1173356,-0.08381114285714286,Dark
1039,"As Above, So Below",93.0,"Adventure,Horror,Mystery",6.2,66892,5000000,21222315,41824066,36824066,7.3648132,Dark
1040,John Wick,101.0,"Action,Crime,Thriller",7.4,449942,30000000,43037835,76235001,46235001,1.5411667,Dark
1045,The A-Team,117.0,"Action,Adventure,Thriller",6.8,235256,110000000,77222099,177241171,67241171,0.6112833727272727,Dark
1046,Toy Story 3,103.0,"Adventure,Animation,Comedy",8.3,682218,200000000,415004880,1068879522,868879522,4.34439761,Light
1048,Trance,101.0,"Crime,Drama,Mystery",6.9,104951,16000000,2322593,22594052,6594052,0.41212825,Dark
1051,Flatliners,109.0,"Drama,Horror,Mystery",5.2,33752,26000000,61308153,61308153,35308153,1.3580058846153846,Dark
1055,When the Game Stands Tall,115.0,"Drama,Family,Sport",6.7,14498,15000000,30127963,30138912,15138912,1.0092608,Light
1059,The Gallows,81.0,"Horror,Mystery,Thriller",4.2,17763,100000,22764410,41656474,41556474,415.56474,Dark
1062,Spectre,148.0,"Action,Adventure,Thriller",6.8,352504,300000000,200074175,879620923,579620923,1.9320697433333334,Dark
1065,Crimson Peak,119.0,"Drama,Fantasy,Horror",6.5,119287,55000000,31090320,74966854,19966854,0.3630337090909091,Dark
1067,The Secret Life of Pets,87.0,"Adventure,Animation,Comedy",6.5,161997,75000000,368384330,886750534,811750534,10.823340453333333,Light
1069,Jem and the Holograms,118.0,"Adventure,Drama,Family",4.1,6683,5000000,2184640,2368937,-2631063,-0.5262126,Light
1073,I Spit on Your Grave,108.0,"Horror,Thriller",6.3,68592,1750000,93051,1278471,-471529,-0.2694451428571429,Dark
1074,Scream 4,111.0,"Horror,Mystery",6.2,118779,40000000,38180928,95989590,55989590,1.39973975,Dark
1075,Evil Dead,91.0,"Fantasy,Horror,Thriller",6.5,146399,17000000,54239856,97778356,80778356,4.751668,Dark
1077,Marmaduke,87.0,"Comedy,Family",4.2,13283,50000000,33644788,89895930,39895930,0.7979186,Light
1081,Gravity,91.0,"Drama,Sci-Fi,Thriller",7.7,710018,110000000,274092705,693698673,583698673,5.306351572727273,Dark
1085,The Last Stand,107.0,"Action,Thriller",6.4,126623,30000000,12050299,48330757,18330757,0.6110252333333334,Dark
1086,Dolphin Tale,113.0,"Drama,Family",6.9,20746,37000000,72286779,96068724,59068724,1.596452,Light
1089,Diary of a Wimpy Kid: Rodrick Rules,99.0,"Comedy,Family",6.6,23135,18000000,52698535,73695194,55695194,3.0941774444444445,Light
1091,Chronicle,84.0,"Drama,Sci-Fi,Thriller",7.1,229258,12000000,64575175,123681790,111681790,9.306815833333333,Dark
1096,Cabin Fever,99.0,Horror,3.7,7873,1500000,21158188,30351664,28851664,19.234442666666666,Dark
1097,The Bye Bye Man,96.0,"Drama,Fantasy,Horror",4.3,17743,7400000,22395806,31187727,23787727,3.214557702702703,Dark
1099,The Gift,108.0,"Drama,Mystery,Thriller",7.1,123834,10000000,12008642,44567606,34567606,3.4567606,Dark
1101,Robin Hood,116.0,"Action,Adventure,Thriller",5.3,41588,210000000,105487148,322459006,112459006,0.5355190761904762,Dark
1110,The Crazies,101.0,"Horror,Thriller",6.5,104465,19000000,39123589,56445534,37445534,1.9708175789473685,Dark
1111,Sin City: A Dame to Kill For,102.0,"Crime,Thriller",6.5,140666,65000000,13757804,40650842,-24349158,-0.3746024307692308,Dark
1117,The Adjustment Bureau,106.0,"Romance,Sci-Fi,Thriller",7.1,227616,50200000,62495645,126931325,76731325,1.5285124501992031,Dark
1119,Rio,96.0,"Adventure,Animation,Comedy",6.9,191621,90000000,143619809,487519809,397519809,4.416886766666667,Light
1127,Widows,129.0,"Crime,Drama,Thriller",7.0,61615,40000000,42402632,73866088,33866088,0.8466522,Dark
1129,Annabelle: Creation,109.0,"Horror,Mystery,Thriller",6.5,90402,15000000,102092201,305384865,290384865,19.358991,Dark
1131,The Possession,92.0,"Horror,Mystery,Thriller",5.9,53649,14000000,49130588,82925064,68925064,4.9232188571428575,Dark
1134,Turbo,96.0,"Adventure,Animation,Comedy",6.4,74639,135000000,83028130,286896578,151896578,1.125159837037037,Light
1136,The Mule,116.0,"Crime,Drama,Thriller",7.1,58955,50000000,103804407,170857676,120857676,2.41715352,Dark
1138,Money Monster,98.0,"Crime,Drama,Thriller",6.5,86607,27000000,41012075,93466095,66466095,2.461707222222222,Dark
1139,Homefront,100.0,"Action,Thriller",6.5,98549,22000000,20158492,51695362,29695362,1.3497891818181817,Dark
1140,Smurfs: The Lost Village,90.0,"Adventure,Animation,Comedy",6.0,15612,60000000,45020282,197578586,137578586,2.292976433333333,Light
1142,Hotel Transylvania 2,89.0,"Animation,Comedy,Family",6.7,92905,80000000,169700110,469500298,389500298,4.868753725,Light
1146,Paper Towns,109.0,"Comedy,Drama,Mystery",6.3,87742,12000000,32000304,85450484,73450484,6.120873666666666,Dark
1147,Takers,107.0,"Action,Crime,Thriller",6.2,53377,32000000,57744720,70587268,38587268,1.205852125,Dark
1149,The Cabin in the Woods,95.0,Horror,7.0,338445,30000000,42073277,70689968,40689968,1.3563322666666666,Dark
1154,Big Miracle,107.0,"Biography,Drama,Family",6.5,17585,40000000,20157300,25268680,-14731320,-0.368283,Light
1155,Monsters,94.0,"Drama,Sci-Fi,Thriller",6.4,84332,500000,237301,5639730,5139730,10.27946,Dark
1156,Vamps,92.0,"Comedy,Horror,Romance",5.2,8838,16000000,3361,94812,-15905188,-0.99407425,Dark
1159,ParaNorman,92.0,"Adventure,Animation,Comedy",7.0,87250,60000000,56003051,108119662,48119662,0.8019943666666667,Light
1160,How to Train Your Dragon 2,102.0,"Action,Adventure,Animation",7.8,278205,145000000,177002924,614586270,469586270,3.238526,Light
1163,The Expendables 2,103.0,"Action,Adventure,Thriller",6.6,277584,100000000,85028192,311979256,211979256,2.11979256,Dark
1164,The Maze Runner,113.0,"Action,Mystery,Sci-Fi",6.8,387038,34000000,102427862,348319861,314319861,9.244701794117647,Dark
1168,Mary Poppins Returns,130.0,"Comedy,Family,Fantasy",6.9,52103,130000000,171958438,341528518,211528518,1.6271424461538462,Light
1172,Skyfall,143.0,"Action,Adventure,Thriller",7.8,592221,200000000,304360277,1110526981,910526981,4.552634905,Dark
1174,The Tourist,103.0,"Action,Adventure,Thriller",6.0,206714,100000000,67631157,278731369,178731369,1.78731369,Dark
1179,The Hangover Part II,102.0,"Comedy,Mystery",6.5,432800,80000000,254464305,586464305,506464305,6.3308038125,Dark
1180,Under the Skin,108.0,"Drama,Horror,Sci-Fi",6.3,113196,13300000,2614251,7229933,-6070067,-0.45639601503759397,Dark
1181,Anonymous,130.0,"Drama,Thriller",6.9,37932,27500000,4463292,15815509,-11684491,-0.42489058181818185,Dark
1183,Lockout,95.0,"Action,Sci-Fi,Thriller",6.1,89554,20000000,14326865,33943049,13943049,0.69715245,Dark
1186,Knock Knock,99.0,"Drama,Thriller",4.9,68328,2000000,36336,6328516,4328516,2.164258,Dark
1187,The Other Side of the Door,96.0,Horror,5.3,15813,5000000,3000342,12905107,7905107,1.5810214,Dark
1188,The Lego Batman Movie,104.0,"Action,Animation,Comedy",7.3,116433,80000000,175750384,310660018,230660018,2.883250225,Light
1195,Captive State,109.0,"Sci-Fi,Thriller",6.9,28780,25000000,5958315,8993300,-16006700,-0.640268,Dark
1196,Foodfight!,91.0,"Action,Animation,Comedy",1.9,8248,45000000,0,73706,-44926294,-0.9983620888888889,Light
1200,Penguins of Madagascar,92.0,"Adventure,Animation,Comedy",6.7,72551,132000000,83350911,366942531,234942531,1.779867659090909,Light
1208,Blackhat,133.0,"Action,Crime,Thriller",5.4,48427,70000000,8005980,19665004,-50334996,-0.7190713714285715,Dark
1209,Annihilation,115.0,"Adventure,Drama,Horror",6.9,228664,55000000,32732301,43070915,-11929085,-0.21689245454545455,Dark
1212,Circle,87.0,"Drama,Mystery,Sci-Fi",6.0,30645,2000000,10024,10024,-1989976,-0.994988,Dark
1213,Fantastic Beasts and Where to Find Them,132.0,"Adventure,Family,Fantasy",7.3,365353,180000000,234037575,802402853,622402853,3.457793627777778,Light
1215,Pan,111.0,"Adventure,Comedy,Family",5.8,55867,150000000,35088320,151525973,1525973,0.010173153333333334,Light
1217,Unsane,98.0,"Drama,Horror,Mystery",6.4,32049,1500000,7690044,14244931,12744931,8.496620666666667,Dark
1219,Fair Game,108.0,"Biography,Drama,Thriller",6.8,43862,50000000,11497497,26097497,-23902503,-0.47805006,Dark
1220,The Adventures of Tintin,107.0,"Action,Adventure,Animation",7.3,202430,130000000,77591831,373993951,243993951,1.8768765461538461,Light
1221,Poltergeist,93.0,"Horror,Thriller",4.9,51538,35000000,47425125,95713069,60713069,1.7346591142857142,Dark
1223,Dark Shadows,113.0,"Comedy,Fantasy,Horror",6.2,229818,150000000,79727149,238202668,88202668,0.5880177866666667,Dark
1224,Edge of Darkness,117.0,"Crime,Drama,Mystery",6.6,84753,60000000,43313890,82812456,22812456,0.3802076,Dark
1225,xXx: Return of Xander Cage,107.0,"Action,Adventure,Thriller",5.2,77976,85000000,44898413,345033359,260033359,3.059215988235294,Dark
1227,It,135.0,"Horror,Thriller",7.4,359123,35000000,327481748,697457969,662457969,18.927370542857144,Dark
1228,Arthur Christmas,97.0,"Adventure,Animation,Comedy",7.1,45439,85000000,46462469,149717124,64717124,0.7613779294117647,Light
1230,Rise of the Guardians,97.0,"Action,Adventure,Animation",7.3,145281,145000000,103412758,306900902,161900902,1.1165579448275862,Light
1231,Killer Elite,116.0,"Action,Crime,Thriller",6.5,117711,70000000,25124986,65409046,-4590954,-0.06558505714285714,Dark
1232,The Girl with the Dragon Tattoo,158.0,"Crime,Drama,Mystery",7.8,387580,90000000,102515793,239373970,149373970,1.6597107777777778,Dark
1233,Insidious,103.0,"Horror,Mystery,Thriller",6.9,254197,1500000,54009150,99870886,98370886,65.58059066666667,Dark
1235,Trespass,91.0,"Crime,Drama,Thriller",5.3,39404,35000000,16816,786532,-34213468,-0.9775276571428572,Dark
1238,Annie,118.0,"Comedy,Drama,Family",5.3,31241,65000000,85911262,139829625,74829625,1.151225,Light
1239,Criminal Activities,94.0,"Crime,Drama,Thriller",5.8,7739,7000000,0,386744,-6613256,-0.9447508571428571,Dark
1240,The Shallows,86.0,"Drama,Horror,Thriller",6.3,106927,13000000,55121623,118763442,105763442,8.135649384615384,Dark
1242,Unfriended: Dark Web,92.0,"Crime,Horror,Mystery",5.9,13822,1000000,8866745,16434588,15434588,15.434588,Dark
1243,The Meg,113.0,"Action,Horror,Sci-Fi",5.7,114042,178000000,145443742,529530715,351530715,1.9748916573033708,Dark
1248,Diary of a Wimpy Kid: The Long Haul,91.0,"Comedy,Family",4.4,5635,22000000,20738724,35609577,13609577,0.6186171363636364,Light
1250,Ca$h,108.0,"Crime,Thriller",6.0,8605,13700000,0,11738256,-1961744,-0.14319299270072994,Dark
1252,The Rite,114.0,"Drama,Horror,Mystery",6.0,85604,37000000,33047633,97143987,60143987,1.6255131621621621,Dark
1253,Let Me In,116.0,"Drama,Fantasy,Horror",7.1,107012,20000000,12134935,28270399,8270399,0.41351995,Dark
1254,The Strangers: Prey at Night,85.0,Horror,5.2,21614,5000000,24431472,29960051,24960051,4.9920102,Dark
1255,Kung Fu Panda 2,90.0,"Action,Adventure,Animation",7.2,228465,150000000,165249063,664837547,514837547,3.4322503133333333,Light
1256,The Cold Light of Day,93.0,"Action,Thriller",4.9,33039,20000000,3763583,25361206,5361206,0.2680603,Dark
1263,The Guard,96.0,"Comedy,Crime,Thriller",7.3,75183,6000000,5359774,21197454,15197454,2.532909,Dark
1268,Despicable Me 2,98.0,"Adventure,Animation,Comedy",7.4,344230,76000000,368065385,975216835,899216835,11.831800460526315,Light
1270,The Fifth Estate,128.0,"Biography,Drama,Thriller",6.2,36392,26000000,3254172,6154172,-19845828,-0.7633010769230769,Dark
1272,The Call,94.0,"Crime,Drama,Horror",6.7,103780,12800000,51872378,69821476,57021476,4.4548028125,Dark
1277,Run All Night,114.0,"Action,Drama,Thriller",6.6,94131,50000000,26461644,66961644,16961644,0.33923288,Dark
1278,The Canyons,99.0,"Drama,Thriller",3.8,9838,250000,59671,62375,-187625,-0.7505,Dark
1280,The Invitation,100.0,"Drama,Horror,Mystery",6.7,70213,1000000,231738,354836,-645164,-0.645164,Dark
1282,The Purge: Anarchy,103.0,"Action,Horror,Sci-Fi",6.5,126203,9000000,71562550,111534881,102534881,11.392764555555555,Dark
1284,Mechanic: Resurrection,98.0,"Action,Adventure,Thriller",5.7,67275,40000000,21218403,109738840,69738840,1.743471,Dark
1285,Misconduct,106.0,"Crime,Drama,Mystery",5.3,13550,11000000,0,2352511,-8647489,-0.7861353636363636,Dark
1287,Happy Death Day 2U,100.0,"Drama,Horror,Mystery",6.3,27462,9000000,28051045,64179495,55179495,6.131055,Dark
1290,Tooth Fairy,101.0,"Comedy,Family,Fantasy",5.0,37939,48000000,60022256,112610386,64610386,1.3460497083333334,Light
1291,World War Z,116.0,"Action,Adventure,Horror",7.0,553751,190000000,202359711,531514650,341514650,1.7974455263157896,Dark
1295,Stitches,86.0,"Comedy,Horror",5.7,8214,2000000,0,63555,-1936445,-0.9682225,Dark
1297,Olympus Has Fallen,119.0,"Action,Thriller",6.5,235443,70000000,98927592,172878928,102878928,1.4696989714285715,Dark
1298,Atomic Blonde,115.0,"Action,Mystery,Thriller",6.7,150407,30000000,51573925,98345423,68345423,2.2781807666666665,Dark
1302,The Jungle Book,106.0,"Adventure,Drama,Family",7.4,240821,175000000,364001123,962854547,787854547,4.502025982857143,Light
1305,It Follows,100.0,"Horror,Mystery",6.9,182839,2000000,14674077,23250755,21250755,10.6253775,Dark
1307,The Forest,93.0,"Horror,Mystery,Thriller",4.8,36423,10000000,26594261,40749230,30749230,3.074923,Dark
1308,Pound of Flesh,104.0,"Action,Thriller",5.2,5511,7500000,0,0,-7500000,-1.0,Dark
1316,Brighton Rock,111.0,"Crime,Drama,Thriller",5.7,5784,11000000,229653,229653,-10770347,-0.9791224545454545,Dark
1318,Dying of the Light,94.0,"Drama,Thriller",4.4,8888,5000000,0,74639,-4925361,-0.9850722,Dark
1319,Madagascar 3: Europe's Most Wanted,93.0,"Adventure,Animation,Comedy",6.8,146858,145000000,216391482,746921271,601921271,4.151181179310345,Light
1322,Prisoners,153.0,"Crime,Drama,Mystery",8.1,526273,46000000,61002302,113402302,67402302,1.4652674347826087,Dark
1324,The Paperboy,107.0,"Crime,Drama,Mystery",5.8,33940,12500000,677200,4027663,-8472337,-0.67778696,Dark
1329,The Impossible,114.0,"Drama,History,Thriller",7.6,177762,40000000,19019882,169590606,129590606,3.23976515,Dark
1331,Now You See Me,115.0,"Crime,Mystery,Thriller",7.3,553156,75000000,117723989,342769200,267769200,3.570256,Dark
1333,Sausage Party,89.0,"Adventure,Animation,Comedy",6.2,159111,19000000,97670358,141344255,122344255,6.439171315789474,Light
1335,The Place Beyond the Pines,140.0,"Crime,Drama,Thriller",7.3,226765,15000000,21403519,47011449,32011449,2.1340966,Dark
1336,Bridge of Spies,142.0,"Drama,History,Thriller",7.6,263004,40000000,72313754,162498338,122498338,3.06245845,Dark
1340,Alpha,96.0,"Adventure,Drama,Family",6.7,41882,51000000,35851379,99624873,48624873,0.9534288823529412,Light
1341,Kubo and the Two Strings,101.0,"Action,Adventure,Animation",7.8,105578,55000000,48023088,77548122,22548122,0.40996585454545453,Light
1348,Pet Sematary,101.0,"Horror,Mystery,Thriller",6.0,34472,21000000,54724696,109501146,88501146,4.214340285714286,Dark
1354,Collide,99.0,"Action,Crime,Thriller",5.7,13288,29200000,2280004,5466698,-23733302,-0.8127843150684931,Dark
1356,The Book of Life,95.0,"Adventure,Animation,Comedy",7.3,59486,50000000,50151543,97651543,47651543,0.95303086,Light
1358,Paranormal Activity: The Ghost Dimension,88.0,"Horror,Mystery,Thriller",4.6,22361,10000000,18297124,77959374,67959374,6.7959374,Dark
1359,Wonder,113.0,"Drama,Family",8.0,111632,20000000,132422809,304604712,284604712,14.2302356,Light
1361,Devil's Due,89.0,"Horror,Mystery,Thriller",4.1,15502,7000000,15821461,36146087,29146087,4.163726714285715,Dark
1364,Survivor,96.0,"Action,Crime,Thriller",5.6,28614,20000000,0,1703281,-18296719,-0.91483595,Dark
1366,Ice Age: Collision Course,94.0,"Adventure,Animation,Comedy",5.7,48932,105000000,64063008,402156682,297156682,2.830063638095238,Light
1367,The Visit,94.0,"Horror,Mystery,Thriller",6.2,102459,5000000,65206105,98677816,93677816,18.7355632,Dark
1368,Upgrade,100.0,"Action,Sci-Fi,Thriller",7.6,104978,3000000,11977130,16553285,13553285,4.517761666666667,Dark
1369,The Equalizer,132.0,"Action,Crime,Thriller",7.2,302302,55000000,101530738,192903624,137903624,2.507338618181818,Dark
1371,Flight,138.0,"Drama,Thriller",7.3,303009,31000000,93772375,160558438,129558438,4.179304451612904,Dark
1380,Anomalisa,90.0,"Animation,Comedy,Drama",7.3,58010,8000000,3759286,5706168,-2293832,-0.286729,Light
1384,A Most Violent Year,125.0,"Crime,Drama,Thriller",7.0,60165,20000000,5749134,8846875,-11153125,-0.55765625,Dark
1387,The Hateful Eight,168.0,"Crime,Drama,Mystery",7.8,434966,62000000,54117416,147864886,85864886,1.3849175161290324,Dark
1389,Resident Evil: Afterlife,96.0,"Action,Adventure,Horror",5.9,153270,57500000,60128566,295874190,238374190,4.145638086956522,Dark
1392,Cats & Dogs: The Revenge of Kitty Galore,82.0,"Action,Comedy,Family",4.3,12642,85000000,43585753,113026383,28026383,0.32972215294117646,Light
1395,Rock of Ages,123.0,"Comedy,Drama,Musical",5.9,69910,70000000,38518613,61031932,-8968068,-0.12811525714285715,Light
1397,Coriolanus,123.0,"Drama,Thriller,War",6.1,29654,10000000,749641,2179623,-7820377,-0.7820377,Dark
1399,Hop,95.0,"Adventure,Animation,Comedy",5.4,28893,63000000,108085305,188657593,125657593,1.9945649682539683,Light
1400,Halloween,106.0,"Horror,Thriller",6.6,88395,15000000,58269151,77514401,62514401,4.167626733333333,Dark
1406,Skyline,92.0,"Action,Sci-Fi,Thriller",4.4,83710,10000000,21416355,68264973,58264973,5.8264973,Dark
1409,Margin Call,107.0,"Drama,Thriller",7.1,107264,3400000,5353586,20433227,17033227,5.009772647058823,Dark
1410,Shark Night 3D,90.0,"Horror,Thriller",4.0,23190,25000000,18877153,18877153,-6122847,-0.24491388,Dark
1411,Stoker,99.0,"Drama,Thriller",6.8,97393,12000000,1703125,12034913,34913,0.0029094166666666665,Dark
1415,Tarzan,94.0,"Adventure,Animation,Drama",4.8,11728,145000000,171091819,448191819,303191819,2.0909780620689653,Light
1416,Killer Joe,102.0,"Crime,Drama,Thriller",6.7,67842,10000000,1291645,4659110,-5340890,-0.534089,Dark
1418,Unfriended,83.0,"Horror,Mystery,Thriller",5.6,62043,1000000,32789645,64364198,63364198,63.364198,Dark
1420,Miracles from Heaven,109.0,"Biography,Drama,Family",7.1,17734,13000000,61705123,73798736,60798736,4.6768258461538466,Light
1422,Middle School: The Worst Years of My Life,92.0,"Comedy,Family",6.1,6413,8500000,20007149,23311293,14811293,1.7425050588235294,Light
1423,The Professor and the Madman,124.0,"Biography,Drama,Mystery",7.4,10383,25000000,0,5227233,-19772767,-0.79091068,Dark
1436,Stone,105.0,"Drama,Thriller",5.4,38667,22000000,1810078,4065020,-17934980,-0.8152263636363636,Dark
1437,Fright Night,106.0,"Comedy,Horror",6.4,94555,30000000,18298649,40520649,10520649,0.3506883,Dark
1443,"Alexander and the Terrible, Horrible, No Good, Very Bad Day",81.0,"Comedy,Family",6.2,37325,28000000,66954149,101379287,73379287,2.6206888214285713,Light
1447,Ouija: Origin of Evil,99.0,"Drama,Horror,Mystery",6.1,47099,9000000,35144505,81831866,72831866,8.092429555555556,Dark
1450,Split,117.0,"Horror,Thriller",7.3,358543,5000000,138141585,278964806,273964806,54.7929612,Dark
1454,Straw Dogs,110.0,"Action,Drama,Thriller",5.8,30924,25000000,10324441,11253821,-13746179,-0.54984716,Dark
1456,Freaks of Nature,92.0,"Comedy,Horror,Sci-Fi",5.9,9670,33000000,70958,70958,-32929042,-0.9978497575757576,Dark
1458,Miss Bala,113.0,"Crime,Drama,Thriller",6.5,8092,15000000,14998027,15362298,362298,0.0241532,Dark
1459,Black Rock,83.0,"Horror,Thriller",4.8,7596,1000000,0,0,-1000000,-1.0,Dark
1462,Non-Stop,106.0,"Action,Mystery,Thriller",7.0,234717,50000000,91742160,222383055,172383055,3.4476611,Dark
1465,Escape from Tomorrow,90.0,"Drama,Fantasy,Horror",5.2,8665,650000,171962,171962,-478038,-0.735443076923077,Dark
1466,Finding Dory,97.0,"Adventure,Animation,Comedy",7.3,213542,200000000,486295561,1021215193,821215193,4.106075965,Light
1470,Us,116.0,"Horror,Mystery,Thriller",7.1,102511,20000000,175006930,254210310,234210310,11.7105155,Dark
1473,The Prince,93.0,"Action,Thriller",4.6,16048,18000000,0,0,-18000000,-1.0,Dark
1474,All Good Things,101.0,"Crime,Drama,Mystery",6.3,49684,20000000,582024,873617,-19126383,-0.95631915,Dark
1476,We Need to Talk About Kevin,112.0,"Drama,Mystery,Thriller",7.5,123619,7000000,1738692,10765283,3765283,0.5378975714285714,Dark
1478,Yogi Bear,80.0,"Adventure,Animation,Comedy",4.6,18934,80000000,100246011,204774690,124774690,1.559683625,Light
1484,Trust,106.0,"Crime,Drama,Thriller",6.9,39422,4000000,120016,120016,-3879984,-0.969996,Dark
1485,Blair Witch,89.0,"Horror,Mystery,Thriller",5.0,36867,10000000,20777061,38985577,28985577,2.8985577,Dark
1488,Underdogs,106.0,"Adventure,Animation,Family",6.5,8197,2500000,35017,1392649,-1107351,-0.4429404,Light
1495,Arbitrage,107.0,"Drama,Thriller",6.6,46774,12000000,7919574,35830713,23830713,1.98589275,Dark
1500,Cop Car,88.0,"Crime,Thriller",6.3,27081,5000000,134552,143658,-4856342,-0.9712684,Dark
1502,Christopher Robin,104.0,"Adventure,Animation,Comedy",7.3,52737,75000000,99215042,197504758,122504758,1.6333967733333334,Light
1503,The Star,86.0,"Adventure,Animation,Comedy",6.1,5159,20000000,40847995,62758010,42758010,2.1379005,Light
1506,A Quiet Place,90.0,"Drama,Horror,Sci-Fi",7.6,305031,17000000,188024361,334522294,317522294,18.677782,Dark
1509,Hotel Transylvania,91.0,"Animation,Comedy,Family",7.1,204571,85000000,148313048,378505812,293505812,3.4530095529411766,Light
1510,The Last Airbender,103.0,"Action,Adventure,Family",4.1,137734,150000000,131772187,319713881,169713881,1.1314258733333333,Light
1511,Freaky Deaky,90.0,"Comedy,Crime,Thriller",6.1,6088,6000000,0,0,-6000000,-1.0,Dark
1512,The Chronicles of Narnia: The Voyage of the Dawn Treader,113.0,"Adventure,Family,Fantasy",6.3,129663,155000000,104386950,418186950,263186950,1.6979803225806451,Light
1513,Suspiria,152.0,"Fantasy,Horror,Mystery",6.8,37360,20000000,2483472,7034615,-12965385,-0.64826925,Dark
1515,Geostorm,109.0,"Action,Sci-Fi,Thriller",5.3,78287,100000000,33700160,220796009,120796009,1.20796009,Dark
1516,Cloudy with a Chance of Meatballs 2,95.0,"Adventure,Animation,Comedy",6.4,81010,78000000,119793567,274392649,196392649,2.517854474358974,Light
1520,The Expendables 3,126.0,"Action,Adventure,Thriller",6.1,156432,100000000,39322544,209461378,109461378,1.09461378,Dark
1522,How to Train Your Dragon: The Hidden World,104.0,"Action,Adventure,Animation",7.6,60769,129000000,160791800,519258283,390258283,3.025258007751938,Light
1523,Resident Evil: The Final Chapter,107.0,"Action,Horror,Sci-Fi",5.6,74979,40000000,26844692,314101190,274101190,6.85252975,Dark
1527,Friend Request,92.0,"Horror,Thriller",5.3,21704,9900000,3759078,11310835,1410835,0.14250858585858586,Dark
